{"cameraMode":{"drawMode":0,"name":"Shaded","section":"Shading Mode"},"sceneLighting":true,"audioPlay":false,"sceneViewState":{"showFog":false,"showMaterialUpdate":false,"showSkybox":false,"showFlares":false,"showImageEffects":false,"showParticleSystems":false},"in2DMode":false,"pivot":{"x":0.9017333984375,"y":17.831893920898439,"z":-1.69677734375},"rotation":{"x":0.03449085354804993,"y":-0.008984320797026158,"z":0.00031041380134411156,"w":0.9993646144866943},"size":6.1496968269348148,"orthographic":true}