{"cameraMode":{"drawMode":0,"name":"Shaded","section":"Shading Mode"},"sceneLighting":false,"audioPlay":false,"sceneViewState":{"showFog":false,"showMaterialUpdate":false,"showSkybox":false,"showFlares":false,"showImageEffects":false,"showParticleSystems":false},"in2DMode":false,"pivot":{"x":28.776714324951173,"y":4.57951021194458,"z":-25.022735595703126},"rotation":{"x":0.2306223064661026,"y":-0.10080450028181076,"z":0.02403155528008938,"w":0.9675093293190002},"size":4.844846248626709,"orthographic":true}