{"cameraMode":{"drawMode":0,"name":"Shaded","section":"Shading Mode"},"sceneLighting":false,"audioPlay":false,"sceneViewState":{"showFog":true,"showMaterialUpdate":false,"showSkybox":true,"showFlares":true,"showImageEffects":true,"showParticleSystems":true},"in2DMode":false,"pivot":{"x":32.680912017822269,"y":4.586596488952637,"z":-24.490583419799806},"rotation":{"x":-0.004709950182586908,"y":-0.9880644083023071,"z":0.15084907412528993,"w":-0.03084130398929119},"size":6.08200740814209,"orthographic":true}