{"cameraMode":{"drawMode":0,"name":"Shaded","section":"Shading Mode"},"sceneLighting":true,"audioPlay":false,"sceneViewState":{"showFog":false,"showMaterialUpdate":false,"showSkybox":false,"showFlares":false,"showImageEffects":false,"showParticleSystems":false},"in2DMode":false,"pivot":{"x":-2.7065205574035646,"y":16.019001007080079,"z":-6.873763561248779},"rotation":{"x":-0.24813048541545869,"y":0.6171984076499939,"z":-0.21409890055656434,"w":-0.7153034210205078},"size":2.2294702529907228,"orthographic":true}