{"cameraMode":{"drawMode":0,"name":"Shaded","section":"Shading Mode"},"sceneLighting":false,"audioPlay":false,"sceneViewState":{"showFog":true,"showMaterialUpdate":false,"showSkybox":true,"showFlares":true,"showImageEffects":true,"showParticleSystems":true},"in2DMode":false,"pivot":{"x":36.21635818481445,"y":4.746688365936279,"z":-24.66864585876465},"rotation":{"x":-0.023053038865327836,"y":-0.9762341380119324,"z":0.17009223997592927,"w":-0.13230350613594056},"size":6.747201919555664,"orthographic":true}