{"cameraMode":{"drawMode":0,"name":"Shaded","section":"Shading Mode"},"sceneLighting":false,"audioPlay":false,"sceneViewState":{"showFog":false,"showMaterialUpdate":false,"showSkybox":false,"showFlares":false,"showImageEffects":false,"showParticleSystems":false},"in2DMode":false,"pivot":{"x":5.786600112915039,"y":1.7249500751495362,"z":-3.7301502227783205},"rotation":{"x":0.15544763207435609,"y":0.5516412258148193,"z":-0.10551876574754715,"w":0.8126461505889893},"size":40.988529205322269,"orthographic":true}