{"cameraMode":{"drawMode":0,"name":"Shaded","section":"Shading Mode"},"sceneLighting":false,"audioPlay":false,"sceneViewState":{"showFog":true,"showMaterialUpdate":false,"showSkybox":true,"showFlares":true,"showImageEffects":true,"showParticleSystems":true},"in2DMode":false,"pivot":{"x":30.89668083190918,"y":4.702262878417969,"z":-25.997859954833986},"rotation":{"x":0.12025737017393112,"y":-0.1966830939054489,"z":0.024313677102327348,"w":0.9727603793144226},"size":5.8682355880737309,"orthographic":true}