{"cameraMode":{"drawMode":0,"name":"Shaded","section":"Shading Mode"},"sceneLighting":true,"audioPlay":false,"sceneViewState":{"showFog":false,"showMaterialUpdate":false,"showSkybox":false,"showFlares":false,"showImageEffects":false,"showParticleSystems":false},"in2DMode":false,"pivot":{"x":-24.61245346069336,"y":7.487522602081299,"z":-6.014956474304199},"rotation":{"x":-0.05286242067813873,"y":0.7907971739768982,"z":-0.06901369988918305,"w":-0.6058732867240906},"size":9.302399635314942,"orthographic":false}