{"cameraMode":{"drawMode":0,"name":"Shaded","section":"Shading Mode"},"sceneLighting":true,"audioPlay":false,"sceneViewState":{"showFog":false,"showMaterialUpdate":false,"showSkybox":false,"showFlares":false,"showImageEffects":false,"showParticleSystems":false},"in2DMode":false,"pivot":{"x":1.9448875188827515,"y":15.587367057800293,"z":-3.762768268585205},"rotation":{"x":0.002681178040802479,"y":-0.9890492558479309,"z":0.14644664525985719,"w":0.018107276409864427},"size":1.301272988319397,"orthographic":true}