{"cameraMode":{"drawMode":0,"name":"Shaded","section":"Shading Mode"},"sceneLighting":true,"audioPlay":false,"sceneViewState":{"showFog":false,"showMaterialUpdate":false,"showSkybox":false,"showFlares":false,"showImageEffects":false,"showParticleSystems":false},"in2DMode":false,"pivot":{"x":-2.798095226287842,"y":16.10300064086914,"z":-5.761348724365234},"rotation":{"x":0.002681178040802479,"y":-0.9890492558479309,"z":0.14644664525985719,"w":0.018107276409864427},"size":1.4993270635604859,"orthographic":true}