{"cameraMode":{"drawMode":0,"name":"Shaded","section":"Shading Mode"},"sceneLighting":true,"audioPlay":false,"sceneViewState":{"showFog":false,"showMaterialUpdate":false,"showSkybox":false,"showFlares":false,"showImageEffects":false,"showParticleSystems":false},"in2DMode":false,"pivot":{"x":1.9896254539489747,"y":15.49858570098877,"z":-3.665332794189453},"rotation":{"x":-0.028107520192861558,"y":-0.9707973003387451,"z":0.19022950530052186,"w":-0.14344091713428498},"size":5.117153644561768,"orthographic":true}