{"cameraMode":{"drawMode":0,"name":"Shaded","section":"Shading Mode"},"sceneLighting":true,"audioPlay":false,"sceneViewState":{"showFog":false,"showMaterialUpdate":false,"showSkybox":false,"showFlares":false,"showImageEffects":false,"showParticleSystems":false},"in2DMode":false,"pivot":{"x":-2.798095226287842,"y":16.019001007080079,"z":-5.786349296569824},"rotation":{"x":-0.16737444698810578,"y":0.7133104801177979,"z":-0.18206195533275605,"w":-0.6557647585868836},"size":1.509371280670166,"orthographic":true}